{
    "cameraMatrix": [
        [
            660.7188939080855,
            0.0,
            341.83088488840536
        ],
        [
            0.0,
            652.6405484962766,
            248.2524078630321
        ],
        [
            0.0,
            0.0,
            1.0
        ]
    ],
    "distortionCoefficients": [
        -0.021391582655263787,
        -0.3604072834653393,
        -0.002378093440978439,
        0.011975730872869461,
        0.2809050184241227
    ],
    "opticalCenter": {
        "cx": 341.83088488840536,
        "cy": 248.2524078630321
    },
    "focalLength": {
        "fx": 660.7188939080855,
        "fy": 652.6405484962766,
        "average": 656.6797212021811
    },
    "reprojectionError": 0.11070517040521805
}