{
    "cameraMatrix": [
        [
            535.7302541840219,
            0.0,
            315.32089648289184
        ],
        [
            0.0,
            538.2333007812122,
            356.06321294114224
        ],
        [
            0.0,
            0.0,
            1.0
        ]
    ],
    "distortionCoefficients": [
        -0.5545624348329466,
        0.7618864625989478,
        -0.01983533339114861,
        0.011114756423206867,
        -0.5406651217169841
    ],
    "opticalCenter": {
        "cx": 315.32089648289184,
        "cy": 356.06321294114224
    },
    "focalLength": {
        "fx": 535.7302541840219,
        "fy": 538.2333007812122,
        "average": 536.981777482617
    },
    "reprojectionError": 0.15879137433016297
}
