{"accuracy": 9.939556749496306, "latency": 0.2735360360360358}