{"accuracy": 0.06724949562878278, "latency": 0.2900000000000027}