{"accuracy": 0.06702412868632708, "latency": 0.27999999999999403}