{"accuracy": 6.6498316498316505, "latency": 0.28337552742615946}