{"accuracy": 17.943548387096776, "latency": 0.28031210986267113}