{"accuracy": 1.761744966442953, "latency": 0.2787301587301563}