{"accuracy": 0.4032258064516129, "latency": 0.28611111111111115}