{"accuracy": 34.81917577796468, "latency": 0.28008856682769645}