{"accuracy": 15.033557046979865, "latency": 0.27959821428571346}