{"accuracy": 31.62321278385198, "latency": 0.28351063829787165}