{"accuracy": 5.64516129032258, "latency": 0.28813492063491947}