{"accuracy": 9.145931405514458, "latency": 0.2885294117647057}