{"accuracy": 12.642905178211164, "latency": 0.26425531914893546}