{"accuracy": 3.872053872053872, "latency": 0.2859420289855067}