{"accuracy": 7.868190988567586, "latency": 0.2785185185185178}