{"accuracy": 21.946308724832214, "latency": 0.2824770642201836}