{"accuracy": 25.100671140939596, "latency": 0.2832798573975042}