{"accuracy": 20.576407506702413, "latency": 0.28528773072746955}