{"accuracy": 22.818791946308725, "latency": 0.2852450980392145}