{"accuracy": 0.2018842530282638, "latency": 0.18444444444444485}