{"accuracy": 3.1852472757753563, "latency": 0.2757017543859646}