{"accuracy": 12.867956265769553, "latency": 0.28220043572984693}