{"accuracy": 0.9402283411685695, "latency": 0.2804761904761898}