{"accuracy": 18.053691275167786, "latency": 0.2864312267657988}