{"accuracy": 11.670020120724347, "latency": 0.2845210727969343}