{"accuracy": 0.0671591672263264, "latency": 0.28000000000000114}