{"accuracy": 14.47721179624665, "latency": 0.2858333333333328}