{
    "FocalLength": 679.1592725617968,
    "Fx": 678.2991331308219,
    "Fy": 680.0194119927718,
    "OpticalCenter": {
        "cx": 337.2549966864345,
        "cy": 253.98719828368405
    },
    "CameraMatrix": [
        [
            678.2991331308219,
            0.0,
            337.2549966864345
        ],
        [
            0.0,
            680.0194119927718,
            253.98719828368405
        ],
        [
            0.0,
            0.0,
            1.0
        ]
    ],
    "DistortionCoefficients": [
        -0.0049971151772962175,
        0.0006597234937562409,
        0.0008777701731152309,
        0.0010538972167094972,
        -3.452513519820954e-05
    ],
    "ReprojectionError": 0.49506643668478867
}