{"accuracy": 0.5892255892255892, "latency": 0.02000000000000008}