{"accuracy": 49.328859060402685, "latency": 0.2744217687074831}