{"accuracy": 19.77211796246649, "latency": 0.27702824858756975}