{"accuracy": 4.84196368527236, "latency": 0.2718981481481481}