{"accuracy": 32.30563002680965, "latency": 0.23224066390041428}