{"accuracy": 17.74600504625736, "latency": 0.2135387045813579}