{"accuracy": 16.375838926174495, "latency": 0.24318306010928875}