{"accuracy": 2.7535258562793823, "latency": 0.27934959349593497}