{"accuracy": 0.8382229673093042, "latency": 0.07033333333333261}