{"accuracy": 10.087424344317418, "latency": 0.27646666666666597}