{"accuracy": 18.322147651006713, "latency": 0.2800366300366296}