{"accuracy": 40.95878889823381, "latency": 0.20023271731690556}