{"accuracy": 26.51006711409396, "latency": 0.26568776371307934}