{"accuracy": 0.06720430107526883, "latency": 0.2833333333333333}