{"accuracy": 1.7496635262449527, "latency": 0.09166666666666637}