{"accuracy": 32.63246425567704, "latency": 0.2667439862542951}