{"accuracy": 16.666666666666664, "latency": 0.2603763440860206}