{"accuracy": 18.09011432414257, "latency": 0.24574969021065654}