{"accuracy": 39.328859060402685, "latency": 0.24618885096700716}