{"accuracy": 0.5033557046979865, "latency": 0.03333333333332907}