{"accuracy": 1.341381623071764, "latency": 0.2513333333333335}