{"accuracy": 0.20161290322580644, "latency": 0.2933333333333334}